{
    "metrics": {
        "http_req_tls_handshaking": {
            "max": 0,
            "p(90)": 0,
            "p(95)": 0,
            "avg": 0,
            "min": 0,
            "med": 0
        },
        "http_req_sending": {
            "avg": 0.119792,
            "min": 0.119792,
            "med": 0.119792,
            "max": 0.119792,
            "p(90)": 0.119792,
            "p(95)": 0.119792
        },
        "http_reqs": {
            "count": 1,
            "rate": 85.30583164314046
        },
        "http_req_duration": {
            "avg": 9.592823,
            "min": 9.592823,
            "med": 9.592823,
            "max": 9.592823,
            "p(90)": 9.592823,
            "p(95)": 9.592823
        },
        "http_req_waiting": {
            "med": 9.328339,
            "max": 9.328339,
            "p(90)": 9.328339,
            "p(95)": 9.328339,
            "avg": 9.328339,
            "min": 9.328339
        },
        "http_req_failed": {
            "passes": 1,
            "fails": 0,
            "value": 1
        },
        "data_sent": {
            "count": 199,
            "rate": 16975.86049698495
        },
        "http_req_blocked": {
            "p(95)": 0.515854,
            "avg": 0.515854,
            "min": 0.515854,
            "med": 0.515854,
            "max": 0.515854,
            "p(90)": 0.515854
        },
        "http_req_connecting": {
            "p(90)": 0.222685,
            "p(95)": 0.222685,
            "avg": 0.222685,
            "min": 0.222685,
            "med": 0.222685,
            "max": 0.222685
        },
        "checks": {
            "passes": 0,
            "fails": 1,
            "value": 0
        },
        "data_received": {
            "count": 314,
            "rate": 26786.031135946105
        },
        "http_req_receiving": {
            "med": 0.144692,
            "max": 0.144692,
            "p(90)": 0.144692,
            "p(95)": 0.144692,
            "avg": 0.144692,
            "min": 0.144692
        }
    },
    "root_group": {
        "name": "",
        "path": "",
        "id": "d41d8cd98f00b204e9800998ecf8427e",
        "groups": {
            "setup": {
                "name": "setup",
                "path": "::setup",
                "id": "5c0f8025f7e0b6654089e5b00e950f1a",
                "groups": {},
                "checks": {
                        "login status 200": {
                            "path": "::setup::login status 200",
                            "id": "17a4a3f3d5dbad586fefc48e40f4a9ab",
                            "passes": 0,
                            "fails": 1,
                            "name": "login status 200"
                        }
                    }
            }
        },
        "checks": {}
    }
}