{
    "metrics": {
        "http_req_connecting": {
            "avg": 0.0005000013687915527,
            "min": 0,
            "med": 0,
            "max": 0.80103,
            "p(90)": 0,
            "p(95)": 0
        },
        "http_req_sending": {
            "p(95)": 1.3042764999999996,
            "avg": 0.3246053573523669,
            "min": 0.032763,
            "med": 0.09863749999999999,
            "max": 37.308427,
            "p(90)": 0.7301641000000012
        },
        "http_req_failed": {
            "passes": 8644,
            "fails": 1584,
            "value": 0.8451310129057489
        },
        "vus_max": {
            "min": 8,
            "max": 8,
            "value": 8
        },
        "http_req_duration": {
            "avg": 505.2569216490005,
            "min": 1.412151,
            "med": 3.420211,
            "max": 18986.440394,
            "p(90)": 2418.2784455000005,
            "p(95)": 3157.8172429999986
        },
        "vus": {
            "value": 1,
            "min": 1,
            "max": 8
        },
        "iteration_duration": {
            "p(95)": 4167.29490829999,
            "avg": 1507.9520912026978,
            "min": 1002.420048,
            "med": 1005.923546,
            "max": 19989.679499,
            "p(90)": 3421.371849
        },
        "iterations": {
            "count": 10227,
            "rate": 5.011207006494886
        },
        "checks": {
            "passes": 1584,
            "fails": 8644,
            "value": 0.15486898709425106
        },
        "http_req_waiting": {
            "avg": 504.791063310811,
            "min": 0,
            "med": 3.051936,
            "max": 18985.554566,
            "p(90)": 2417.9827896000006,
            "p(95)": 3157.4689216999986
        },
        "http_req_duration{expected_response:true}": {
            "p(95)": 8165.323114199996,
            "avg": 3238.990827077651,
            "min": 548.593145,
            "med": 2743.5202225,
            "max": 18986.440394,
            "p(90)": 4632.345066600002
        },
        "http_req_tls_handshaking": {
            "avg": 0,
            "min": 0,
            "med": 0,
            "max": 0,
            "p(90)": 0,
            "p(95)": 0
        },
        "data_received": {
            "count": 5801469,
            "rate": 2842.706766477254
        },
        "http_req_blocked": {
            "p(95)": 0.015161799999999996,
            "avg": 0.012545187231130295,
            "min": 0.002574,
            "med": 0.008797,
            "max": 3.134514,
            "p(90)": 0.0116786
        },
        "http_req_receiving": {
            "avg": 0.14125298083691754,
            "min": 0.018361,
            "med": 0.09986600000000001,
            "max": 10.542384,
            "p(90)": 0.16528270000000006,
            "p(95)": 0.24364624999999987
        },
        "data_sent": {
            "count": 124163564,
            "rate": 60839.867201347035
        },
        "http_reqs": {
            "count": 10228,
            "rate": 5.011697004246572
        }
    },
    "setup_data": {
        "token": "eyJhbGciOiJIUzI1NiIsInR5cCI6IkpXVCJ9.eyJ0b2tlbl90eXBlIjoiYWNjZXNzIiwiZXhwIjoxNzc2MTQ4NTg1LCJpYXQiOjE3NzYxNDc2ODUsImp0aSI6ImNiNjhhNGU0NjUwODQ4Mjg4NDcyMWVjM2JjNGE1YjQwIiwidXNlcl9pZCI6IjEiLCJyb2xlIjoiYWRtaW4ifQ.Tn-ZRFLVVED095OaS6UIsHYcTJoAiX8CunA5KH_cQp0"
    },
    "root_group": {
        "checks": {
            "ingest accepted": {
                "name": "ingest accepted",
                "path": "::ingest accepted",
                "id": "2a2824e0a4964f5d0c8d7f5d04840f98",
                "passes": 1583,
                "fails": 8644
            }
        },
        "name": "",
        "path": "",
        "id": "d41d8cd98f00b204e9800998ecf8427e",
        "groups": {
            "setup": {
                "name": "setup",
                "path": "::setup",
                "id": "5c0f8025f7e0b6654089e5b00e950f1a",
                "groups": {},
                "checks": {
                        "login status 200": {
                            "path": "::setup::login status 200",
                            "id": "17a4a3f3d5dbad586fefc48e40f4a9ab",
                            "passes": 1,
                            "fails": 0,
                            "name": "login status 200"
                        }
                    }
            }
        }
    }
}