{
    "metrics": {
        "http_req_duration": {
            "avg": 1.482053,
            "min": 1.482053,
            "med": 1.482053,
            "max": 1.482053,
            "p(90)": 1.482053,
            "p(95)": 1.482053
        },
        "http_req_tls_handshaking": {
            "med": 0,
            "max": 0,
            "p(90)": 0,
            "p(95)": 0,
            "avg": 0,
            "min": 0
        },
        "checks": {
            "passes": 0,
            "fails": 1,
            "value": 0
        },
        "data_sent": {
            "count": 199,
            "rate": 8249.196024650255
        },
        "http_req_connecting": {
            "avg": 19.475951,
            "min": 19.475951,
            "med": 19.475951,
            "max": 19.475951,
            "p(90)": 19.475951,
            "p(95)": 19.475951
        },
        "http_req_sending": {
            "p(90)": 0.250406,
            "p(95)": 0.250406,
            "avg": 0.250406,
            "min": 0.250406,
            "med": 0.250406,
            "max": 0.250406
        },
        "http_req_waiting": {
            "avg": 1.0747,
            "min": 1.0747,
            "med": 1.0747,
            "max": 1.0747,
            "p(90)": 1.0747,
            "p(95)": 1.0747
        },
        "http_req_failed": {
            "passes": 1,
            "fails": 0,
            "value": 1
        },
        "http_reqs": {
            "count": 1,
            "rate": 41.45324635502641
        },
        "http_req_receiving": {
            "avg": 0.156947,
            "min": 0.156947,
            "med": 0.156947,
            "max": 0.156947,
            "p(90)": 0.156947,
            "p(95)": 0.156947
        },
        "data_received": {
            "count": 314,
            "rate": 13016.319355478292
        },
        "http_req_blocked": {
            "avg": 19.614709,
            "min": 19.614709,
            "med": 19.614709,
            "max": 19.614709,
            "p(90)": 19.614709,
            "p(95)": 19.614709
        }
    },
    "root_group": {
        "id": "d41d8cd98f00b204e9800998ecf8427e",
        "groups": {
            "setup": {
                "name": "setup",
                "path": "::setup",
                "id": "5c0f8025f7e0b6654089e5b00e950f1a",
                "groups": {},
                "checks": {
                        "login status 200": {
                            "name": "login status 200",
                            "path": "::setup::login status 200",
                            "id": "17a4a3f3d5dbad586fefc48e40f4a9ab",
                            "passes": 0,
                            "fails": 1
                        }
                    }
            }
        },
        "checks": {},
        "name": "",
        "path": ""
    }
}